{
    "Beijingaaaa":"北京 北京 1000",
    "Tianjinabaa":"天津 天津 1100",
    "Shanghaiacaa":"上海 上海 2900",
    "Chongqingadaa":"重庆 重庆 6530",
    "Xianggangadaa":"香港 香港 9991",
    "Aomenadaa":"澳门 澳门 9992",
    "Taiwanadaa":"台湾 台湾 9990",
    "Anhuiaeaa":"安徽省 合肥 3610",
    "Anhuiaeab":"安徽省 宿州 3740",
    "Anhuiaeac":"安徽省 淮北 3660",
    "Anhuiaead":"安徽省 阜阳 3720",
    "Anhuiaeae":"安徽省 蚌埠 3630",
    "Anhuiaeaf":"安徽省 淮南 3640",
    "Anhuiaeag":"安徽省 滁州 3750",
    "Anhuiaeah":"安徽省 马鞍山 3650",
    "Anhuiaeai":"安徽省 芜湖 3620",
    "Anhuiaeaj":"安徽省 铜陵 3670",
    "Anhuiaeak":"安徽省 安庆 3680",
    "Anhuiaeal":"安徽省 黄山 3710",
    "Anhuiaeam":"安徽省 六安 3760",
    "Anhuiaean":"安徽省 池州 3790",
    "Anhuiaeao":"安徽省 宣城 3771",
    "Anhuiaeap":"安徽省 亳州 3722" ,
    "Anhuiaeaq":"安徽省 界首 3731",
    "Anhuiaear":"安徽省 明光 3757",
    "Anhuiaeas":"安徽省 天长 3752",
    "Anhuiaeat":"安徽省 桐城 3681",
    "Anhuiaeau":"安徽省 宁国 3774",
    "Anhuiaeav":"安徽省 巢湖 3781",
    "Fujianafaa":"福建省 厦门 3930",
    "Fujianafab":"福建省 福州 3910",
    "Fujianafac":"福建省 南平 4010",
    "Fujianafad":"福建省 三明 3950",
    "Fujianafae":"福建省 莆田市 3940",
    "Fujianafaea":"福建省 莆田县 3941",
    "Fujianafaf":"福建省 泉州 3970",
    "Fujianafag":"福建省 漳州 3990",
    "Fujianafah":"福建省 龙岩 4050",
    "Fujianafai":"福建省 宁德 4030",
    "Fujianafal":"福建省 邵武 4012",
    "Fujianafam":"福建省 武夷山 4022",
    "Fujianafan":"福建省 建瓯 4015",
    "Fujianafao":"福建省 建阳 4014",
    "Fujianafap":"福建省 永安 3960",
    "Fujianafaq":"福建省 石狮 3978",
    "Fujianafar":"福建省 晋江 3972",
    "Fujianafas":"福建省 南安 3973",
    "Fujianafat":"福建省 龙海 3991",
    "Fujianafau":"福建省 漳平 4056",
    "Fujianafav":"福建省 福安 4034",
    "Fujianafaw":"福建省 福鼎 4032",
    "Gansuagaa":"甘肃省 兰州 8210",
    "Gansuagab":"甘肃省 嘉峪关 8220",
    "Gansuagac":"甘肃省 金昌 8230",
    "Gansuagad":"甘肃省 白银 8240",
    "Gansuagae":"甘肃省 天水 8250",
    "Gansuagaf":"甘肃省 酒泉 8260",
    "Gansuagag":"甘肃省 张掖 8270",
    "Gansuagah":"甘肃省 武威 8280",
    "Gansuagai":"甘肃省 庆阳 8340",
    "Gansuagaj":"甘肃省 平凉 8330",
    "Gansuagak":"甘肃省 定西 8290",
    "Gansuagal":"甘肃省 陇南 8310",
    "Gansuagam":"甘肃省 玉门 8261",
    "Gansuagan":"甘肃省 敦煌 8263",
    "Gansuagao":"甘肃省 临夏 8360",
    "Guangdongahaa":"广东省 广州 5810",
    "Guangdongahab":"广东省 深圳 5840",
    "Guangdongahac":"广东省 清远 6010",
    "Guangdongahad":"广东省 韶关 5820",
    "Guangdongahae":"广东省 河源 5980",
    "Guangdongahaf":"广东省 梅州 5960",
    "Guangdongahag":"广东省 潮州 5869",
    "Guangdongahah":"广东省 汕头 5860",
    "Guangdongahai":"广东省 揭阳 5865",
    "Guangdongahaj":"广东省 汕尾 5970",
    "Guangdongahak":"广东省 惠州 5950",
    "Guangdongahal":"广东省 东莞 6020",
    "Guangdongaham":"广东省 珠海 5850",
    "Guangdongahan":"广东省 中山 6030",
    "Guangdongahao":"广东省 江门 5890",
    "Guangdongahap":"广东省 佛山 5880",
    "Guangdongahaq":"广东省 肇庆 5930",
    "Guangdongahar":"广东省 云浮 5937",
    "Guangdongahas":"广东省 阳江 5990",
    "Guangdongahat":"广东省 茂名 5920",
    "Guangdongahau":"广东省 湛江 5910",
    "Guangdongahax":"广东省 英德 6012",
    "Guangdongahay":"广东省 连州 6014",
    "Guangdongahaz":"广东省 乐昌 5825",
    "Guangdongahba":"广东省 南雄 5823",
    "Guangdongahbb":"广东省 兴宁 5965",
    "Guangdongahbc":"广东省 普宁 5867",
    "Guangdongahbd":"广东省 陆丰 5972",
    "Guangdongahbe":"广东省 恩平 5893",
    "Guangdongahbf":"广东省 台山 5892",
    "Guangdongahbg":"广东省 开平 5894",
    "Guangdongahbh":"广东省 鹤山 5895",
    "Guangdongahbi":"广东省 高要 5931",
    "Guangdongahbj":"广东省 四会 5932",
    "Guangdongahbk":"广东省 罗定 5941",
    "Guangdongahbl":"广东省 阳春 5992",
    "Guangdongahbm":"广东省 化州 5924",
    "Guangdongahbn":"广东省 信宜 5921",
    "Guangdongahbo":"广东省 高州 5922",
    "Guangdongahbp":"广东省 吴川 5911",
    "Guangdongahbq":"广东省 廉江 5912",
    "Guangdongahbr":"广东省 雷州 5914",
    "Guizhouaiaa":"贵州省 贵阳 7010",
    "Guizhouaiab":"贵州省 六盘水 7020",
    "Guizhouaiac":"贵州省 遵义 7030",
    "Guizhouaiad":"贵州省 安顺 7110",
    "Guizhouaiae":"贵州省 毕节 7090",
    "Guizhouaiaf":"贵州省 铜仁 7050",
    "Guizhouaiah":"贵州省 赤水 7043",
    "Guizhouaiai":"贵州省 仁怀 7042",
    "Guizhouaiaj":"贵州省 凯里 7130",
    "Guizhouaiak":"贵州省 都匀 7150",
    "Guizhouaial":"贵州省 兴义 7070",
    "Guizhouaiam":"贵州省 福泉 7154",
    "Hebeiajaa":"河北省 石家庄 1210",
    "Hebeiajab":"河北省 邯郸 1270",
    "Hebeiajac":"河北省 唐山 1240",
    "Hebeiajad":"河北省 保定 1340",
    "Hebeiajae":"河北省 秦皇岛 1260",
    "Hebeiajaf":"河北省 邢台 1310",
    "Hebeiajag":"河北省 张家口 1380",
    "Hebeiajah":"河北省 承德 1410",
    "Hebeiajai":"河北省 沧州 1430",
    "Hebeiajaj":"河北省 廊坊 1460",
    "Hebeiajak":"河北省 衡水 1480",
    "Hebeiajaq":"河北省 遵化 1248",
    "Hebeiajar":"河北省 迁安 1246",
    "Hebeiajas":"河北省 霸州 1467",
    "Hebeiajat":"河北省 三河 1461",
    "Hebeiajau":"河北省 定州 1351",
    "Hebeiajav":"河北省 涿州 1352",
    "Hebeiajaw":"河北省 安国 1369",
    "Hebeiajax":"河北省 高碑店 1366",
    "Hebeiajay":"河北省 泊头 1441",
    "Hebeiajaz":"河北省 任丘 1442",
    "Hebeiajba":"河北省 黄骅 1451",
    "Hebeiajbb":"河北省 河间 1443",
    "Hebeiajbc":"河北省 冀州 1482",
    "Hebeiajbd":"河北省 深州 1485",
    "Hebeiajbe":"河北省 南宫 1321",
    "Hebeiajbf":"河北省 沙河 1322",
    "Hebeiajbg":"河北省 武安 1295",
    "Heilongjiangakaa":"黑龙江省 哈尔滨 2610",
    "Heilongjiangakab":"黑龙江省 齐齐哈尔 2640",
    "Heilongjiangakac":"黑龙江省 黑河 2780",
    "Heilongjiangakad":"黑龙江省 大庆 2650",
    "Heilongjiangakae":"黑龙江省 伊春 2710",
    "Heilongjiangakaf":"黑龙江省 鹤岗 2670",
    "Heilongjiangakag":"黑龙江省 佳木斯 2690",
    "Heilongjiangakah":"黑龙江省 双鸭山 2680",
    "Heilongjiangakai":"黑龙江省 七台河 2740",
    "Heilongjiangakaj":"黑龙江省 鸡西 2660",
    "Heilongjiangakak":"黑龙江省 牡丹江 2720",
    "Heilongjiangakal":"黑龙江省 绥化 2760",
    "Heilongjiangakaq":"黑龙江省 讷河 2642",
    "Heilongjiangakar":"黑龙江省 北安 2782",
    "Heilongjiangakas":"黑龙江省 五大连池 2783",
    "Heilongjiangakat":"黑龙江省 铁力 2712",
    "Heilongjiangakau":"黑龙江省 同江 2729",
    "Heilongjiangakav":"黑龙江省 富锦 2731",
    "Heilongjiangakaw":"黑龙江省 虎林 2756",
    "Heilongjiangakax":"黑龙江省 密山 2758",
    "Heilongjiangakay":"黑龙江省 绥芬河 2757",
    "Heilongjiangakaz":"黑龙江省 海林 2752",
    "Heilongjiangakba":"黑龙江省 宁安 2751",
    "Heilongjiangakbb":"黑龙江省 安达 2762",
    "Heilongjiangakbc":"黑龙江省 肇东 2763",
    "Heilongjiangakbd":"黑龙江省 海伦 2764",
    "Henanalaa":"河南省 郑州 4910",
    "Henanalab":"河南省 开封 4920",
    "Henanalac":"河南省 洛阳 4930",
    "Henanalad":"河南省 平顶山 4950",
    "Henanalae":"河南省 安阳 4960",
    "Henanalaf":"河南省 鹤壁 4970",
    "Henanalag":"河南省 新乡 4980",
    "Henanalah":"河南省 焦作 5010",
    "Henanalai":"河南省 濮阳 5020",
    "Henanalaj":"河南省 许昌 5030",
    "Henanalak":"河南省 漯河 5040",
    "Henanalal":"河南省 三门峡 5050",
    "Henanalam":"河南省 南阳 5130",
    "Henanalan":"河南省 商丘 5060",
    "Henanalao":"河南省 周口 5080",
    "Henanalap":"河南省 驻马店 5110",
    "Henanalaq":"河南省 信阳 5150",
    "Henanalat":"河南省 邓州 5132",
    "Henanalau":"河南省 永城 5069",
    "Henanalav":"河南省 汝州 4956",
    "Henanalba":"河南省 偃师 4931",
    "Henanalbb":"河南省 孟州 5016",
    "Henanalbc":"河南省 沁阳 5014",
    "Henanalbd":"河南省 卫辉 4987",
    "Henanalbe":"河南省 辉县 4988",
    "Henanalbf":"河南省 林州 4961",
    "Henanalbg":"河南省 禹州 5034",
    "Henanalbh":"河南省 长葛 5031",
    "Henanalbi":"河南省 舞钢 5044",
    "Henanalbj":"河南省 义马 5055",
    "Henanalbk":"河南省 灵宝 5053",
    "Henanalbl":"河南省 项城 5091",
    "Hubeiamaa":"湖北省 武汉 5210",
    "Hubeiamab":"湖北省 十堰 5230",
    "Hubeiamac":"湖北省 襄樊 5280",
    "Hubeiamad":"湖北省 荆门 5320",
    "Hubeiamae":"湖北省 孝感 5350",
    "Hubeiamaf":"湖北省 黄冈 5330",
    "Hubeiamag":"湖北省 鄂州 5310",
    "Hubeiamah":"湖北省 黄石 5220",
    "Hubeiamai":"湖北省 咸宁 5360",
    "Hubeiamaj":"湖北省 荆州 5370",
    "Hubeiamak":"湖北省 宜昌 5260",
    "Hubeiamal":"湖北省 随州 5286",
    "Hubeiamam":"湖北省 仙桃 5371",
    "Hubeiaman":"湖北省 天门 5374",
    "Hubeiamao":"湖北省 潜江 5375",
    "Hubeiamap":"湖北省 丹江口 5391",
    "Hubeiamaq":"湖北省 老河口 5287",
    "Hubeiamar":"湖北省 枣阳 5288",
    "Hubeiamas":"湖北省 宜城 5282",
    "Hubeiamat":"湖北省 钟祥 5381",
    "Hubeiamau":"湖北省 汉川 5357",
    "Hubeiamav":"湖北省 应城 5352",
    "Hubeiamaw":"湖北省 安陆 5353",
    "Hubeiamax":"湖北省 广水 5354",
    "Hubeiamay":"湖北省 麻城 5331",
    "Hubeiamaz":"湖北省 武穴 5332",
    "Hubeiamba":"湖北省 大冶 5221",
    "Hubeiambb":"湖北省 赤壁 5362",
    "Hubeiambc":"湖北省 石首 5372",
    "Hubeiambd":"湖北省 洪湖 5373",
    "Hubeiambe":"湖北省 松滋 5377",
    "Hubeiambf":"湖北省 宜都 5261",
    "Hubeiambg":"湖北省 枝江 5264",
    "Hubeiambh":"湖北省 当阳 5262",
    "Hubeiambi":"湖北省 恩施 5410",
    "Hubeiambj":"湖北省 利川 5412",
    "Hunananaa":"湖南省 长沙 5510",
    "Hunananab":"湖南省 衡阳 5540",
    "Hunananac":"湖南省 张家界 5590",
    "Hunananad":"湖南省 常德 5580",
    "Hunananae":"湖南省 益阳 5610",
    "Hunananaf":"湖南省 岳阳 5570",
    "Hunananag":"湖南省 株洲 5520",
    "Hunananah":"湖南省 湘潭 5530",
    "Hunananai":"湖南省 郴州 5630",
    "Hunananaj":"湖南省 永州 5650",
    "Hunananak":"湖南省 邵阳 5550",
    "Hunananal":"湖南省 怀化 5670",
    "Hunananam":"湖南省 娄底 5620",
    "Hunananan":"湖南省 耒阳 5547",
    "Hunananao":"湖南省 常宁 5545",
    "Hunananaq":"湖南省 津市 5587",
    "Hunananar":"湖南省 沅江 5612",
    "Hunananat":"湖南省 临湘 5572",
    "Hunananau":"湖南省 醴陵 5525",
    "Hunananav":"湖南省 湘乡 5532",
    "Hunananaw":"湖南省 韶山 5533",
    "Hunananax":"湖南省 资兴 5632",
    "Hunananay":"湖南省 武冈 5556",
    "Hunananaz":"湖南省 洪江 5672",
    "Hunananba":"湖南省 冷水江 5622",
    "Hunananbb":"湖南省 涟源 5623",
    "Hunananbc":"湖南省 吉首 5690",
    "Jilinaoaa":"吉林省 长春 2410",
    "Jilinaoab":"吉林省 吉林 2420",
    "Jilinaoac":"吉林省 白城 2470",
    "Jilinaoad":"吉林省 松原 2520",
    "Jilinaoae":"吉林省 四平 2430",
    "Jilinaoaf":"吉林省 辽源 2440",
    "Jilinaoag":"吉林省 通化 2450",
    "Jilinaoah":"吉林省 白山 2460",
    "Jilinaoal":"吉林省 磐石 2423",
    "Jilinaoam":"吉林省 蛟河 2424",
    "Jilinaoan":"吉林省 桦甸 2425",
    "Jilinaoao":"吉林省 舒兰 2426",
    "Jilinaoap":"吉林省 洮南 2472",
    "Jilinaoaq":"吉林省 大安 2474",
    "Jilinaoar":"吉林省 双辽 2433",
    "Jilinaoas":"吉林省 公主岭 2434",
    "Jilinaoat":"吉林省 梅河口 2454",
    "Jilinaoau":"吉林省 集安 2455",
    "Jilinaoav":"吉林省 临江 2422",
    "Jilinaoaw":"吉林省 延吉 2490",
    "Jilinaoax":"吉林省 图们 2492",
    "Jilinaoay":"吉林省 敦化 2493",
    "Jilinaoaz":"吉林省 珲春 2494",
    "Jilinaoba":"吉林省 龙井 2495",
    "Jilinaobb":"吉林省 和龙 2496",
    "Jiangxiapaa":"江西省 南昌 4210",
    "Jiangxiapab":"江西省 九江 4240",
    "Jiangxiapac":"江西省 景德镇 4220",
    "Jiangxiapad":"江西省 鹰潭 4270",
    "Jiangxiapae":"江西省 新余 4260",
    "Jiangxiapaf":"江西省 萍乡 4230",
    "Jiangxiapag":"江西省 赣州 4280",
    "Jiangxiapah":"江西省 上饶 4330",
    "Jiangxiapai":"江西省 抚州 4370",
    "Jiangxiapaj":"江西省 宜春 4310",
    "Jiangxiapak":"江西省 吉安 4350",
    "Jiangxiapal":"江西省 瑞昌 4242",
    "Jiangxiapam":"江西省 乐平 4221",
    "Jiangxiapan":"江西省 瑞金 4296",
    "Jiangxiapao":"江西省 南康 4283",
    "Jiangxiapap":"江西省 德兴 4342",
    "Jiangxiapaq":"江西省 丰城 4312",
    "Jiangxiapar":"江西省 樟树 4313",
    "Jiangxiapas":"江西省 高安 4314",
    "Jiangxiapat":"江西省 井冈山 4352",
    "Jiangxiapau":"江西省 贵溪 4271",
    "Jiangsuaqaa":"江苏省 南京 3010",
    "Jiangsuaqab":"江苏省 徐州 3030",
    "Jiangsuaqac":"江苏省 连云港 3070",
    "Jiangsuaqad":"江苏省 宿迁 3090",
    "Jiangsuaqae":"江苏省 淮安 3080",
    "Jiangsuaqaf":"江苏省 盐城 3110",
    "Jiangsuaqag":"江苏省 扬州 3120",
    "Jiangsuaqah":"江苏省 泰州 3128",
    "Jiangsuaqai":"江苏省 南通 3060",
    "Jiangsuaqaj":"江苏省 镇江 3140",
    "Jiangsuaqak":"江苏省 常州 3040",
    "Jiangsuaqal":"江苏省 无锡 3020",
    "Jiangsuaqam":"江苏省 苏州 3050",
    "Jiangsuaqan":"江苏省 江阴 3022",
    "Jiangsuaqao":"江苏省 宜兴 3023",
    "Jiangsuaqap":"江苏省 邳州 3035",
    "Jiangsuaqaq":"江苏省 新沂 3036",
    "Jiangsuaqar":"江苏省 金坛 3042",
    "Jiangsuaqas":"江苏省 溧阳 3043",
    "Jiangsuaqat":"江苏省 常熟 3055",
    "Jiangsuaqau":"江苏省 张家港 3056",
    "Jiangsuaqav":"江苏省 太仓 3051",
    "Jiangsuaqaw":"江苏省 昆山 3052",
    "Jiangsuaqax":"江苏省 吴江 3054",
    "Jiangsuaqay":"江苏省 如皋 3062",
    "Jiangsuaqaz":"江苏省 海门 3065",
    "Jiangsuaqba":"江苏省 启东 3066",
    "Jiangsuaqbb":"江苏省 大丰 3116",
    "Jiangsuaqbc":"江苏省 东台 3117",
    "Jiangsuaqbd":"江苏省 高邮 3121",
    "Jiangsuaqbe":"江苏省 仪征 3129",
    "Jiangsuaqbf":"江苏省 扬中 3143",
    "Jiangsuaqbg":"江苏省 句容 3142",
    "Jiangsuaqbh":"江苏省 丹阳 3141",
    "Jiangsuaqbi":"江苏省 兴化 3131",
    "Jiangsuaqbj":"江苏省 姜堰 3132",
    "Jiangsuaqbk":"江苏省 泰兴 3124",
    "Jiangsuaqbl":"江苏省 靖江 3123",
    "Liaoningaraa":"辽宁省 沈阳 2210",
    "Liaoningarab":"辽宁省 大连 2220",
    "Liaoningarac":"辽宁省 朝阳 2340",
    "Liaoningarad":"辽宁省 阜新 2290",
    "Liaoningarae":"辽宁省 铁岭 2330",
    "Liaoningaraf":"辽宁省 抚顺 2240",
    "Liaoningarag":"辽宁省 本溪 2250",
    "Liaoningarah":"辽宁省 辽阳 2310",
    "Liaoningarai":"辽宁省 鞍山 2230",
    "Liaoningaraj":"辽宁省 丹东 2260",
    "Liaoningarak":"辽宁省 营口 2280",
    "Liaoningaral":"辽宁省 盘锦 2320",
    "Liaoningaram":"辽宁省 锦州 2270",
    "Liaoningaran":"辽宁省 葫芦岛 2276",
    "Liaoningarap":"辽宁省 瓦房店 2224",
    "Liaoningaraq":"辽宁省 普兰店 2222",
    "Liaoningarar":"辽宁省 庄河 2223",
    "Liaoningaras":"辽宁省 北票 2346",
    "Liaoningarat":"辽宁省 凌源 2343",
    "Liaoningarau":"辽宁省 调兵山 2336",
    "Liaoningarav":"辽宁省 开原 2337",
    "Liaoningaraw":"辽宁省 灯塔 2312",
    "Liaoningarax":"辽宁省 海城 2232",
    "Liaoningaray":"辽宁省 凤城 2261",
    "Liaoningaraz":"辽宁省 东港 2263",
    "Liaoningarba":"辽宁省 大石桥 2262",
    "Liaoningarbb":"辽宁省 盖州 2282",
    "Liaoningarbc":"辽宁省 凌海 2272",
    "Liaoningarbd":"辽宁省 北宁 2273",
    "Liaoningarbe":"辽宁省 兴城 2277",
    "Shandongasaa":"山东省 济南 4510",
    "Shandongasab":"山东省 青岛 4520",
    "Shandongasac":"山东省 聊城 4710",
    "Shandongasad":"山东省 德州 4680",
    "Shandongasae":"山东省 东营 4550",
    "Shandongasaf":"山东省 淄博 4530",
    "Shandongasag":"山东省 潍坊 4580",
    "Shandongasah":"山东省 烟台 4560",
    "Shandongasai":"山东省 威海 4650",
    "Shandongasaj":"山东省 日照 4732",
    "Shandongasak":"山东省 临沂 4730",
    "Shandongasal":"山东省 枣庄 4540",
    "Shandongasam":"山东省 济宁 4610",
    "Shandongasan":"山东省 泰安 4630",
    "Shandongasao":"山东省 莱芜 4634",
    "Shandongasap":"山东省 滨州 4660",
    "Shandongasaq":"山东省 菏泽 4750",
    "Shandongasas":"山东省 胶州 4525",
    "Shandongasat":"山东省 胶南 4522",
    "Shandongasau":"山东省 即墨 4521",
    "Shandongasav":"山东省 平度 4524",
    "Shandongasaw":"山东省 莱西 4523",
    "Shandongasax":"山东省 临清 4712",
    "Shandongasay":"山东省 乐陵 4682",
    "Shandongasaz":"山东省 禹城 4688",
    "Shandongasba":"山东省 安丘 4581",
    "Shandongasbb":"山东省 昌邑 4585",
    "Shandongasbc":"山东省 高密 4586",
    "Shandongasbd":"山东省 青州 4588",
    "Shandongasbe":"山东省 诸城 4589",
    "Shandongasbf":"山东省 寿光 4582",
    "Shandongasbg":"山东省 栖霞 4563",
    "Shandongasbh":"山东省 海阳 4564",
    "Shandongasbi":"山东省 龙口 4567",
    "Shandongasbj":"山东省 莱阳 4568",
    "Shandongasbk":"山东省 莱州 4569",
    "Shandongasbl":"山东省 蓬莱 4561",
    "Shandongasbm":"山东省 招远 4562",
    "Shandongasbn":"山东省 文登 4652",
    "Shandongasbo":"山东省 荣成 4653",
    "Shandongasbp":"山东省 乳山 4651",
    "Shandongasbq":"山东省 滕州 4541",
    "Shandongasbr":"山东省 曲阜 4619",
    "Shandongasbt":"山东省 邹城 4612",
    "Shandongasbu":"山东省 新泰 4635",
    "Shandongasbv":"山东省 肥城 4632",
    "Shaanxiataa":"陕西省 西安 7910",
    "Shaanxiatab":"陕西省 延安 8040",
    "Shaanxiatac":"陕西省 铜川 7920",
    "Shaanxiatad":"陕西省 渭南 7970",
    "Shaanxiatae":"陕西省 咸阳 7950",
    "Shaanxiataf":"陕西省 宝鸡 7930",
    "Shaanxiatag":"陕西省 汉中 7990",
    "Shaanxiatah":"陕西省 榆林 8060",
    "Shaanxiatai":"陕西省 商洛 8030",
    "Shaanxiataj":"陕西省 安康 8010",
    "Shaanxiatak":"陕西省 韩城 7972",
    "Shaanxiatal":"陕西省 华阴 7974",
    "Shaanxiatam":"陕西省 兴平 7951",
    "Shanxiauaa":"山西省 太原 1610",
    "Shanxiauab":"山西省 大同 1620",
    "Shanxiauac":"山西省 朔州 1690",
    "Shanxiauad":"山西省 阳泉 1630",
    "Shanxiauae":"山西省 长治 1640",
    "Shanxiauaf":"山西省 晋城 1680",
    "Shanxiauag":"山西省 忻州 1710",
    "Shanxiauai":"山西省 晋中 1750",
    "Shanxiauaj":"山西省 临汾 1770",
    "Shanxiauak":"山西省 运城 1810",
    "Shanxiauam":"山西省 潞城 1662",
    "Shanxiauan":"山西省 高平 1683",
    "Shanxiauao":"山西省 原平 1714",
    "Shanxiauap":"山西省 孝义 1734",
    "Shanxiauaq":"山西省 汾阳 1731",
    "Shanxiauar":"山西省 介休 1761",
    "Shanxiauas":"山西省 侯马 1772",
    "Shanxiauat":"山西省 霍州 1777",
    "Shanxiauau":"山西省 永济 1812",
    "Shanxiauav":"山西省 河津 1818",
    "Sichuanavaa":"四川省 成都 6510",
    "Sichuanavab":"四川省 广元 6610",
    "Sichuanavac":"四川省 绵阳 6590",
    "Sichuanavad":"四川省 德阳 6580",
    "Sichuanavae":"四川省 南充 6730",
    "Sichuanavaf":"四川省 广安 6737",
    "Sichuanavag":"四川省 遂宁 6620",
    "Sichuanavah":"四川省 内江 6630",
    "Sichuanavai":"四川省 乐山 6650",
    "Sichuanavaj":"四川省 自贡 6550",
    "Sichuanavak":"四川省 泸州 6570",
    "Sichuanaval":"四川省 宜宾 6710",
    "Sichuanavam":"四川省 攀枝花 6560",
    "Sichuanavan":"四川省 巴中 6758",
    "Sichuanavao":"四川省 达州 6750",
    "Sichuanavap":"四川省 资阳 6636",
    "Sichuanavaq":"四川省 眉山 6652",
    "Sichuanavar":"四川省 雅安 6770",
    "Sichuanavaw":"四川省 江油 6597",
    "Sichuanavax":"四川省 什邡 6583",
    "Sichuanavay":"四川省 广汉 6584",
    "Sichuanavaz":"四川省 绵竹 6581",
    "Sichuanavba":"四川省 阆中 6743",
    "Sichuanavbb":"四川省 华蓥 6732",
    "Sichuanavbc":"四川省 峨眉山 6664",
    "Sichuanavbd":"四川省 万源 6755",
    "Sichuanavbe":"四川省 简阳 6637",
    "Sichuanavbf":"四川省 西昌 6840",
    "Yunnanawaa":"云南省 昆明 7310",
    "Yunnanawab":"云南省 曲靖 7360",
    "Yunnanawac":"云南省 玉溪 7410",
    "Yunnanawad":"云南省 丽江 7550",
    "Yunnanawae":"云南省 昭通 7340",
    "Yunnanawaf":"云南省 普洱 7470",
    "Yunnanawag":"云南省 临沧 7580",
    "Yunnanawah":"云南省 保山 7530",
    "Yunnanawaj":"云南省 宣威 7363",
    "Yunnanawal":"云南省 瑞丽 7546",
    "Yunnanawam":"云南省 大理 7510",
    "Yunnanawan":"云南省 楚雄 7380",
    "Yunnanawao":"云南省 个旧 7430",
    "Yunnanawap":"云南省 开远 7432",
    "Yunnanawaq":"云南省 景洪 7490",
    "Zhejiangaxaa":"浙江省 杭州 3310",
    "Zhejiangaxab":"浙江省 宁波 3320",
    "Zhejiangaxac":"浙江省 湖州 3360",
    "Zhejiangaxad":"浙江省 嘉兴 3350",
    "Zhejiangaxae":"浙江省 舟山 3420",
    "Zhejiangaxaf":"浙江省 绍兴 3370",
    "Zhejiangaxag":"浙江省 衢州 3410",
    "Zhejiangaxah":"浙江省 金华 3380",
    "Zhejiangaxai":"浙江省 台州 3450",
    "Zhejiangaxaj":"浙江省 温州 3330",
    "Zhejiangaxak":"浙江省 丽水 3430",
    "Zhejiangaxao":"浙江省 慈溪 3325",
    "Zhejiangaxap":"浙江省 余姚 3324",
    "Zhejiangaxaq":"浙江省 奉化 3326",
    "Zhejiangaxar":"浙江省 平湖 3352",
    "Zhejiangaxas":"浙江省 海宁 3355",
    "Zhejiangaxat":"浙江省 桐乡 3354",
    "Zhejiangaxau":"浙江省 诸暨 3375",
    "Zhejiangaxba":"浙江省 上虞 3372",
    "Zhejiangaxbb":"浙江省 嵊州 3373",
    "Zhejiangaxbc":"浙江省 江山 3415",
    "Zhejiangaxbd":"浙江省 兰溪 3386",
    "Zhejiangaxbe":"浙江省 永康 3382",
    "Zhejiangaxbf":"浙江省 义乌 3387",
    "Zhejiangaxbg":"浙江省 东阳 3388",
    "Zhejiangaxbh":"浙江省 临海 3452",
    "Zhejiangaxbi":"浙江省 温岭 3454",
    "Zhejiangaxbj":"浙江省 瑞安 3339",
    "Zhejiangaxbk":"浙江省 乐清 3333",
    "Zhejiangaxbl":"浙江省 龙泉 3439",
    "Qinghaiayaa":"青海省 西宁 8510",
    "Qinghaiayab":"青海省 格尔木 8591",
    "Qinghaiayac":"青海省 德令哈 8590",
    "Hainanayad":"海南省 海口市 6410",
    "Hainanayae":"海南省 三亚市 6420",
    "Guangxiazaa":"广西 南宁 6110",
    "Guangxiazab":"广西 桂林 6170",
    "Guangxiazac":"广西 柳州 6140",
    "Guangxiazad":"广西 梧州 6210",
    "Guangxiazae":"广西 贵港 6242",
    "Guangxiazaf":"广西 玉林 6240",
    "Guangxiazag":"广西 钦州 6311",
    "Guangxiazah":"广西 北海 6230",
    "Guangxiazai":"广西 防城港 6330",
    "Guangxiazaj":"广西 崇左 6128",
    "Guangxiazak":"广西 百色 6261",
    "Guangxiazal":"广西 河池 6281",
    "Guangxiazam":"广西 来宾 6155",
    "Guangxiazan":"广西 贺州 6225",
    "Guangxiazao":"广西 岑溪 6221",
    "Guangxiazap":"广西 桂平 6243",
    "Guangxiazaq":"广西 北流 6246",
    "Guangxiazar":"广西 东兴 6331",
    "Guangxiazas":"广西 凭祥 6121",
    "Guangxiazat":"广西 宜州 6282",
    "Guangxiazau":"广西 合山 6151",
    "Neimengbaaa":"内蒙古 呼和浩特 1910",
    "Neimengbaab":"内蒙古 包头 1920",
    "Neimengbaac":"内蒙古 乌海 1930",
    "Neimengbaad":"内蒙古 赤峰 1940",
    "Neimengbaae":"内蒙古 呼伦贝尔 1960",
    "Neimengbaaf":"内蒙古 通辽 1990",
    "Neimengbaag":"内蒙古 乌兰察布 2030",
    "Neimengbaah":"内蒙古 鄂尔多斯 2050",
    "Neimengbaai":"内蒙古 巴彦淖尔 2070",
    "Neimengbaak":"内蒙古 扎兰屯 1963",
    "Neimengbaal":"内蒙古 牙克石 1964",
    "Neimengbaam":"内蒙古 根河 1968",
    "Neimengbaan":"内蒙古 额尔古纳 1967",
    "Neimengbaap":"内蒙古 阿尔山 1986",
    "Neimengbaaq":"内蒙古 霍林郭勒 1992",
    "Neimengbaar":"内蒙古 锡林郭勒盟 2010",
    "Neimengbaas":"内蒙古 二连浩特 2011",
    "Neimengbaat":"内蒙古 丰镇 2039",
    "Ningxiabbaa":"宁夏 银川 8710",
    "Ningxiabbab":"宁夏 石嘴山 8720",
    "Ningxiabbac":"宁夏 吴忠 8731",
    "Ningxiabbad":"宁夏 中卫 8733",
    "Ningxiabbae":"宁夏 固原 8741",
    "Ningxiabbag":"宁夏 青铜峡 8732",
    "Xizangbbah":"西藏 拉萨 7700",
    "Xizangbbai":"西藏 日喀则 7760",
    "Xinjiangaadaa":"新疆 乌鲁木齐 8810",
    "Xinjiangaadab":"新疆 克拉玛依 8820",
    "Xinjiangaadac":"新疆 石河子 9028",
    "Xinjiangaadad":"新疆 阿拉尔 9031",
    "Xinjiangaadae":"新疆 图木舒克 9032",
    "Xinjiangaadaf":"新疆 五家渠 8858",
    "Xinjiangaadag":"新疆 北屯 8844",
    "Xinjiangaadah":"新疆 喀什 8940",
    "Xinjiangaadai":"新疆 阿克苏 8910",
    "Xinjiangaadaj":"新疆 和田 8960",
    "Xinjiangaadak":"新疆 吐鲁番 8830",
    "Xinjiangaadal":"新疆 哈密 8840",
    "Xinjiangaadam":"新疆 阿图什 8930",
    "Xinjiangaadan":"新疆 博乐 8870",
    "Xinjiangaadao":"新疆 昌吉 8850",
    "Xinjiangaadap":"新疆 阜康 8856",
    "Xinjiangaadaq":"新疆 米东 8852",
    "Xinjiangaadar":"新疆 库尔勒 8880",
    "Xinjiangaadas":"新疆 伊宁 8980",
    "Xinjiangaadat":"新疆 奎屯 8981",
    "Xinjiangaadau":"新疆 塔城 9010",
    "Xinjiangaadav":"新疆 乌苏 9013",
    "Xinjiangaadaw":"新疆 阿勒泰 9020"
}
