{
  "TEALIUM": {
    "tlSettings": {
        "args": {
          "page_section": "IB",
          "page_ib_type": "PIB",
          "page_customer_group": "RBWM",
          "page_product_type": "Internet Banking",
          "page_category": "IB;PIB",
          "mobile_app_market": "China",
          "page_security_level": "40",
          "page_channel": "mobileApp",
          "mobile_build_pack_version": "China-z-1.0",
          "site_region": "Asia Pacific",
          "site_subregion": "Rest of Asia Pacific",
          "site_country": "China",
          "site_entity": "HSBC Bank (China) Company Limited",
          "site_brand": "HSBC",
          "page_business_line": "General",
          "page_type":"HTML"
        }
    },
    "tlApplicationMapping": {
      "events": {
        "cam30LogonButtonClick": {
          "page_url": "logon2/singlePswLogon/logonButton",
          "args": {
            "page_title": "authentication:logon:cam30 logon button",
            "page_language": "[language]"
          }
        }
      }
    }
  }
}
